{"cameraMode":{"drawMode":0,"name":"Shaded","section":"Shading Mode"},"sceneLighting":false,"audioPlay":false,"sceneViewState":{"showFog":true,"showMaterialUpdate":true,"showSkybox":false,"showFlares":true,"showImageEffects":true,"showParticleSystems":true},"in2DMode":false,"pivot":{"x":-20.997106552124025,"y":-87.73751831054688,"z":-20.24700164794922},"rotation":{"x":-0.1927434802055359,"y":0.3735849857330322,"z":-0.07956095784902573,"w":-0.9041726589202881},"size":4.788329124450684,"orthographic":false}