{"cameraMode":{"drawMode":0,"name":"Shaded","section":"Shading Mode"},"sceneLighting":true,"audioPlay":false,"sceneViewState":{"showFog":true,"showMaterialUpdate":true,"showSkybox":true,"showFlares":true,"showImageEffects":true,"showParticleSystems":true},"in2DMode":false,"pivot":{"x":-1.8719969987869263,"y":-0.1277529001235962,"z":1.1421563625335694},"rotation":{"x":-0.0364542156457901,"y":0.9622962474822998,"z":-0.21417847275733949,"w":-0.1638004630804062},"size":1.8432886600494385,"orthographic":false}